Name,Category,Tier,Region,ST,DX,IQ,HT,HP,Will,Per,FP,Basic Speed,Basic Move,Dodge,Parry,DR,SM,Physical Threat,Systemic Threat,Key Skills,Advantages,Disadvantages,Primary Attack,Attack Damage,Secondary Attack,Secondary Damage,Special Abilities,Weakness,Notes,
Saltwater Crocodile,Natural Fauna,Common,Kimberley / Northern waterways,28,9,3,13,28,10,12,13,5.5,3 (land) / 6 (water),8,,5,2,High,None,Survival (Desert)-14 / Tracking-12,Amphibious / Doesn't Breathe (2hr) / Night Vision 5 / Peripheral Vision / Silence 3 (water),Cold-Blooded,Bite,3d+2 cut,Tail Sweep,thr+2 crush,Death Roll — contested ST each round, failure = full bite damage + submersion,Running water / Cold temperatures (<15C),Ambush: Per roll at -2 (dusk) or -4 (night). Death roll in deep water drowns in HT rounds.
Eastern Brown Snake,Natural Fauna,Common,All eastern/northern Australia,2,14,2,12,2,9,12,12,7,7,,,0,-2,High (venom),None,,Cold-Blooded / Vibration Detection 10m / Camouflage (Per -3 to spot),,Bite,1d-4 cut + venom,,,Venom: HT roll at 30min (HT-2 coagulopathy) / 2hr (HT-3 neurotoxin) / 4hr (HT-4 cardiac),Antivenin within 2 hours,Pressure immobilisation bandage adds +2 to all venom HT rolls. Multiple strikes possible.,
Inland Taipan,Natural Fauna,Common (in range),Nullarbor fringe / Pilbara,2,15,2,13,2,9,13,13,7,7,,,0,-2,Lethal,None,,Cold-Blooded / Enhanced Dodge 3 / Vibration Detection 10m / Camouflage (Per -3),,Bite,1d-4 cut + venom,,,Venom: onset 5min (HT: 1d HP) / 30min (HT-2 coagulopathy) / 1hr (HT-3 paralysis) / 2hr (HT-4 respiratory) / 3hr (HT-5 cardiac). Up to 8 bites per encounter.,Taipan-specific antivenin,Most venomous terrestrial snake in world. Each additional bite = separate venom progression.,
King Brown Snake,Natural Fauna,Uncommon,Kimberley / Pilbara / Nullarbor,4,12,2,13,4,10,12,13,6.5,6,,,0,-1,Serious,None,,Cold-Blooded / Flattening display,,Bite,1d-2 cut + venom (up to 4 bites/round),,,Venom: HT-2 at 1hr (myotoxin/coagulant) / HT-3 at 3hr / HT-4 at 5hr (renal) / HT-5 at 6hr (critical),Antivenin,Bites and holds — multiple venom doses. Multiple bites = multiple simultaneous progressions.,
Tiger Snake,Natural Fauna,Common,Melbourne / Snowy Mountains / Southern Australia,3,12,2,12,3,10,12,12,6,6,,,0,-2,Serious,None,,Cold-Blooded / Vibration Detection 8m / Flattening display,,Bite,1d-3 cut + venom,,,Venom: HT-2 at 45min / HT-3 at 1.5hr (neurotoxin) / HT-4 at 3hr (myotoxin) / HT-5 at 5hr (renal),Antivenin,Primary snakebite risk in Victorian scenarios. Present along all Yarra corridor parkland.,
Red-Bellied Black Snake,Natural Fauna,Common,Eastern Australia,3,12,2,11,3,9,11,11,5.75,5,,,0,-2,Moderate,None,,Cold-Blooded / Vibration Detection 8m,,Bite,1d-4 cut + venom,,,Venom: HT-1 at 1hr (myotoxin) / HT-2 at 3hr / HT-3 at 6hr. Rarely fatal in healthy adults.,Antivenin (cross-reactive),Less dangerous than brown/tiger snakes but still requires antivenin. Common near waterways.,
Redback Spider,Natural Fauna,Common,All scenarios (built environments),1,13,2,10,1,9,12,12,5.75,5,,,0,-6,Low,None,,Aggressive / Multiple bite capacity,,Bite,negligible cut + venom,,,Venom (Latrotoxin): HT-1 at 15min (pain/cramps) / HT-2 at 1hr (systemic). Rarely fatal.,Antivenin available,Use to establish Australia is always trying to kill you. Present in all station sheds / infrastructure.,
Funnel-Web Spider,Natural Fauna,Uncommon,Eastern Australia / Melbourne scenarios,1,13,2,12,1,11,12,12,6.25,5,,,0,-6,High,None,,Aggressive (no flight response) / Fangs penetrate fingernails / Multiple bite capacity,,Bite,1d-5 cut + venom (up to 3 bites/round),,,Venom (Atracotoxin): onset immediate / HT-2 at 15min (-2 DX) / HT-3 at 30min / HT-4 at 1hr (pulmonary) / HT-5 at 2hr (cardiac),Antivenin (must reach hospital),Aggressive — will stand ground. Habitat: disturbed soil near bridge footings. Melbourne bridge scenes.,
Blue-Ringed Octopus,Natural Fauna,Uncommon,Coastal rock pools — Cossack / Melbourne coast,1,14,3,11,1,9,14,11,6.25,5,,,0,-5,Lethal,None,,Camouflage (passive / no roll) / Blue ring display (Per +2 when displaying) / Aquatic,,Bite,1d-6 cut + venom (often unfelt — painless),,,Venom (Tetrodotoxin): HT at 10min / HT-2 at 20min (-3 DX) / HT-3 at 30min (respiratory paralysis) / HT-4 at 40min (full paralysis) / HT-5 at 60min (respiratory failure),NO antivenin exists,Treatment: artificial respiration maintained 4-6 hours. No antivenin. Can kill in 30 minutes.,
Stonefish,Natural Fauna,Uncommon,Coastal/reef — Cossack,3,8,2,12,3,9,12,12,5,5 (water),,,2,-2,Serious,None,,Camouflage (perfect — Per -4 to spot) / Aquatic / Venomous dorsal spines,,Spine puncture (stepped on),1d-2 imp + venom,,,Venom (Verrucotoxin): immediate extreme pain / HT at 30min / HT-2 at 1hr / HT-3 at 3hr (cardiac),Antivenin / Hot water immersion (denatures venom),Most venomous fish in world. Looks exactly like a rock. Common in Cossack coastal scenario.,
Wild Boar (Feral Pig),Natural Fauna,Common,Kimberley / Pilbara / High country approaches,16,9,4,13,16,9,11,13,5.5,7,,,2,1,Moderate,None,,Acute Smell +4 / Discrimination Smell / Night Vision 3 / Peripheral Vision,,Tusk slash,1d+1 cut,Charge,thr+3 crush (if 4+ yards),Mob behaviour: 3+ pigs panicking = -2 to all player actions. 6+ in narrow terrain requires DX roll to avoid knockdown.,,,
Dingo,Natural Fauna,Common,All mainland scenarios,10,12,5,12,10,9,15,12,6,8,,,1,0,Low,None,,Acute Hearing +3 / Acute Smell +4 / Night Vision 5 / Peripheral Vision / Pack Tactics (+2 when 3+ coordinate),,Bite,1d cut,,,Pack tactics when 3+ coordinating,,Unusual behaviour near spiritual sites — depart suddenly without gradual retreat. Use as omen indicator.,
Wedge-Tailed Eagle,Natural Fauna,Uncommon,All scenarios,5,14,4,12,5,11,18,12,7,2 (land) / 16 (air),,,1,0,Moderate,None,,Acute Vision +7 / Flight (Winged) / Sharp Claws and Beak,Cannot Fly (land),Talon dive,1d cut (both feet: two attacks at -2),Wing strike,1d-3 crush,Dive attack: +3 damage from height. Two warning passes before striking. Automatic attack within 10m of nest.,,Unusual attentive behaviour near significant sites — perch closer than normal comfort zone.,
Cassowary,Natural Fauna,Uncommon,Tropical north (Far North Queensland extension),20,11,4,13,20,12,13,13,6,8,,,2,1,High,None,,Acute Hearing +2 / Acute Smell +2 / Cannot Fly / Danger Sense / Peripheral Vision / Territorial (auto-attack within 10m of nest),,Kick (dagger claw),2d+2 imp,Charge,thr+3 crush at Move 8,Jump kick: +2 damage / two simultaneous kicks at -1 each. Does not retreat when defending nest.,Running distance / Backing away slowly,Stand tall and back away. Running triggers pursuit at Move 8. Most dangerous bird in world by injury record.,
Goanna (Perentie),Natural Fauna,Common,Kimberley / Nullarbor / All arid regions,12,10,3,12,12,9,12,12,5.5,8,,,2,1,Low,None,,Acute Smell +3 (forked tongue) / Claws / Enhanced Move 1 (sprint) / Teeth / Bacterial Load,,Bite,1d cut + bacterial infection,Tail sweep,thr+2 crush (reflex when cornered),Secondary infection: HT-1 roll within 24hr of bite. Failure = -1 HT/day without antibiotics.,Cold / Being cornered causes panic,Absent from gorge approaches = omen indicator. Present at all campsites due to food scavenging.,
Ghost Bat,Natural Fauna,Uncommon,Kimberley caves / Nullarbor cave systems,1,14,3,11,1,,,,,,,,0,-4,Low (direct) / Moderate (colony),None,,,,Bite,1d-4 cut,,,Colony disturbance (200+): zero visibility / Move halved / communication impossible / Per -4 for direction. 1d+3 minutes to settle.,,Absent from deep Nullarbor chambers = marker of where conditions change.,
Common Wombat,Natural Fauna,Common,High country / Snowy Mountains,14,7,3,13,14,9,10,14,5,6,,,4,0,Low (collision),None,,Absolute Direction (home range) / Burrowing / Tunnel Vision,,Collision (if running),1d crush + possible knockdown,,,Collision: DX roll or 1d crush + HT roll or knockdown. Burrow hazard: Per -2 at night or step in burrow (DX or 1d ankle crush).,,Absent above snowgum belt / near platform = omen. Wombat burrows are ankle-trap hazard at night.,
Platypus,Natural Fauna,Common,Eastern rivers — Yarra / Snowy Mountains,3,11,3,11,3,,,,,,,,0,-3,Low (venom),None,,Aquatic,,Spur (male / when handled),1d-4 cut + venom,,,Venom (Defensin peptides): immediate extreme pain / HT at 10min (hyperalgesia +2 pain penalty) / lasts up to months.,No antivenin,Hyperalgesia: all wound pain penalties increased by modifier for duration. Not life-threatening. Extremely miserable.,
Bull Shark,Natural Fauna,Uncommon,Yarra River (Melbourne) / Coastal waterways,22,10,3,12,22,10,14,12,6,10 (water),,,2,1,High,None,,Enhanced Move 2 (water) / No Legs (aquatic) / Bloodscent (detects blood at 400m) / Aggressive,,Bite,3d cut (+ 1d-3 additional on 5-6/d6),,,Ambush: Per -3 in dark water. Bloodscent at 1ppm = detected at 400m. More aggressive than most shark species.,Leaving the water,In the Yarra at 3am during bridge scenes. Not supernatural — just a bull shark in a tidal river.,
Magpie (Swooping),Natural Fauna,Common,All scenarios — ubiquitous,2,14,5,12,2,,,12,7,,,,,–3,Nuisance,None,,Aggressive (swooping season Aug–Nov),,Swoop,1d-5 cut to head,,,Swooping: automatic hit to head / -1 to all Per and DX while being actively swooped.,Leaving nesting territory,Magpies near Birrarung station do NOT swoop — watching instead. Use as atmosphere indicator.,
Brumby Mob (Stampede),Natural Fauna,Uncommon,Snowy Mountains / High country,30 (collective),,,,,,,,6,20 (stampede),,,2 (hide),+2 (mob),High,None,,Enhanced Move 2 (gallop) / Flight response / Panic transmission to herd,,Stampede,3d crush per round exposed / 4d if player is down,,,Width 15m at full spread. Triggers: gunshot (100m auto) / sudden noise 50m (Per roll) / predator smell / supernatural disturbance.,Open ground / Climbing above stampede path,Evasion: Dodge -2. The bay brumby with white blaze: Animal Handling -1 (slightly less reactive). Leads to the platform.,
The Marloo,Supernatural,Rare,Kimberley — ochre gorge surrounds,18,14,6,16,24,14,16,18,7.5,12,,,4,+1 to +2 (variable),Moderate,None,,Alternate Form (any dead animal in territory) / Doesn't Sleep / Indomitable / Night Vision 9 / Silence 4 / Terrain Adaptation / Unfazeable,,Herding / Separation (indirect),,Circling (indirect),Psychological,Fright Checks: first sighting -2 / form change observed -5 / circling sounds at night (Will or -1 to all actions),Ochre across threshold (Will -4 to cross) / Running water / Ceremony with correct intent,Goal: return drill core to gorge. Herds rather than attacks. Withdraws permanently when drill core returned.,
Iron Presence,Supernatural,Rare,Ironbark Station and approaches,,,,,,,,,,,,,Low,None,,,,,,,Psychological,Visible at tree line (20-50m) in low light / Disappears within 10m / Never in full daylight. Fright Checks: tree line sighting -2 / footfalls without sight -1 / semi-circular impressions (Will or -1 to all),Mirrors facing wall / Direct approach,Residue of Robert Cready guilt shaped by Marloo proximity. Fades when Marloo withdraws from gorge.,,,
Stockman's Ghost,Supernatural,Rare,Drysdale River Station / Melbourne (bridge scenes),,,,,,,,,,,,,None,None,,,Partial transparency / More visible at dusk-dawn / Fades in direct sunlight / Silent,,Points,None,,,Directional information only. Points toward gorge / camp warnings / safe crossings. Fright Check: first appearance 0 / subsequent appearances (familiarity) no check.,Distance maintained regardless of approach speed,Cannot be addressed or detained. Appears in Melbourne bridge scenes pointing toward Spencer Street.,,
The Drowned Choir,Supernatural,Rare,Nullarbor caves — flooded lower chambers,,,,,,,,,,,,,None,Psychological,,,Per roll -2 to resist entering water / Will -2 per round if submerged / Fright Check -3 if submerged,,Sound-based lure,None,,,After-effect: dreams of the choir for 1d nights following exposure. Swimming against tidal current requires Swimming -2.,Physical contact from another player breaks effect,Not hostile. Draws players deeper into flooded sections. River Dreaming disadvantage on extended exposure.,,
The Pale Rider,Supernatural,Rare,Snowy Mountains — high country tracks at night,,,,,,,,,,,,,Moderate (if on track),None,,,Partial visibility / Sound fully present (hooves on granite at full volume) / Passes through player position if not avoided,,Passes through,1d crush (if player doesn't move and fails Will -2),,,Fright Check: -2 first encounter. Cannot be photographed — cameras show empty track. Cannot be chased (Move 28).,Moving off the track / Will roll success,The ride still happening in the mountain. Passes through position — not an attack. Will always attempt to run.,,
The Mimi,Supernatural,Uncommon,Kimberley — rocky escarpment near ochre gorge,4,18,7,14,4,14,18,14,8,16 (rock faces),,,0,-1,None,None,,Silence 6 / Terrain Adaptation (rock faces/crevices) / Peripheral only (Per -4 to confirm sighting) / Insubstantial / Windstill sensing,,Cannot attack,None,,,Wind disperses them immediately. Appear only when wind is calm. Communication: Hidden Lore (Dreaming) -2 gives directional information toward gorge.,Wind / Direct observation (fades),Always present in escarpment. Absent from deep gorge chambers = marker of significant change.,
Brolga Dancer,Supernatural Adjacent,Uncommon,Kimberley wetlands / Pilbara,6,12,4,12,6,,,12,6,,,,1,None,None,,,,Beak strike,1d-2 imp (if directly threatened),Wing strike,1d-3 crush (if cornered),Dance pattern readable: Hidden Lore (Dreaming) -1 reveals correct approach to gorge — timing/direction/manner of entry recognised as respectful by Mimi and Marloo.,,Not supernatural — a bird. But the pattern has been shaped by the country over generations. Equivalent information to Dora Mamid's direct guidance.,,
Willy Willy,Supernatural Adjacent,Uncommon,All arid scenarios,3–8,,,,,,,,,,,,Nuisance to Moderate,None,,,,Debris strike,1d-1 crush (significant) / 1d-3 (mundane),,,Significant version (near sites): ST 8 at column edge / DX roll or knockdown within 2m. Direction tracking: Per roll reveals path points toward significant site.,Moving away from column,Always moves toward nearest significant site (thermodynamic / not magical). 1d minutes duration.,,,
Cave Resonance (Embodied),Supernatural,Rare,Nullarbor cave — Karra Cave deepest chamber,,,,,,,,,,,,,None,Psychological,,Will -3 to leave worn circle / Time distortion: 10min game = 1hr real / Will -1 per 10min in circle. Fright Check: -2 if submerged in flooded version. Retrieval: physical touch + name = Will -1 to stand.,,,,,Physical contact + name breaks effect,Not hostile. Produces time distortion and scale recalibration. Permanent effect: Will -1 (enclosed spaces) / Will +1 (open sky at night).,,,,,
Mountain's Regard (Direct),Supernatural,Rare,Granite platform — Snowy Mountains,,,,,,,,,,,,,Psychological,None,,Cold spot: 3-4C below ambient / Hoofprint contact: Per roll for fragment of the ride experience / Will -1 per 10min sustained sound exposure on alpine meadow / Will -2 hands on stone (30+ sec contact requires Will or cannot release for 1d rounds).,,,,,Moving off platform / Completing exchange,Fright Check only if player resists experience (rather than accepting) — then -1. The exchange: horseshoe returned + correct location = mountain's gift delivered. Cannot be fumbled.,,,,,
The Kurrul,Supernatural,Exclusive,Coastal reef off Cossack / Yarra River (conditions),,,4,,,,18,,,,,,Extreme (psychological),None,,Bioluminescence (cold blue-green light visible 30m in dark) / Face-Seeking (Per +4 to detect reflected faces at 50m) / Insubstantial,,No direct attack,None,,,Fright Checks: light rising -1 / full surfacing -4. Permanent effect: Will -1 on critical fail. Kurrul Dreaming: drowning dreams every night until acknowledged. Counter: +1 Will vs water entities (maximum exposure effect).,Not looking into still saltwater at night,Not hostile. Drawn to reflected human faces. Harm is entirely in seeing the scale accurately. Presence in Yarra during bridge scenes possible.,,,
Entity in the Yarra,Supernatural,Exclusive,Yarra River — basalt channel beneath Spencer Street Bridge,60,,2,30,,,,,,,,,,8,Extreme,None,,No Legs (Aquatic) / Doesn't Breathe / Doesn't Sleep / Indomitable / Unfazeable / Injury Tolerance (Diffuse) / Binding Susceptibility (-6 Move when anchor points intact) / Presence Feeding (Will <12: 1 FP/hr within 50m),,,,,,Fright Checks: displacement sighting -3 (failed Will to look) / margin of failure 1-3: paralysis 1d min + 1d FP / 4-6: River Dreaming disadvantage / 7+: Will -1 permanent.,Acknowledgment at Spencer Street (four-part) / Bridge anchor points fully reinforced,Cannot be fought. Feeding is passive and indifferent. Responds only to acknowledgment — ceases pressure when registered.,
Nullarbor Presence,Supernatural,Exclusive,The entire Nullarbor Plain — concentrated in cave system,,,,,,,,,,,,,None,Psychological,,,Environmental mechanics only: Will -1 per 10min exposure on plain (if stationary) / Will -3 in worn circle / time distortion. Fright Check: seeing Kurrul equivalent.  Player who goes outside at night: Will -3. All FP and Will rolls as per main scenario.,,,,,Physical contact from another player / Dawn,Cannot be stat-blocked. Not an entity — the plain breathing. Permanent recalibration: -1 Will enclosed spaces / +1 Will open sky at night. Both effects real and permanent.,,,,
The Keeper,Supernatural,Rare,Kimberley — track between gorge and station,,,,,,,,,,,,,,None,Extreme (if disrespected),,,Speaks once then gone,,,,,,Country reacts to disrespect in his presence: Marloo activates / temperature drops / equipment fails. Not his action — country's response. Trust: Per roll to notice he knows things he should not. Hidden Lore (Dreaming) -2 for directional gift after correct encounter.,Respect / Correct behaviour in presence,Appears once. Cannot be followed. Gives the one piece the players are missing. Departure: simply not present. Permanent gift: +1 Hidden Lore (Dreaming) to most attentive player.,
The Thing That Wears the Drowned,Supernatural,Exclusive,Melbourne — Last Train / last carriage (conditional),16,14,6,14,16,14,16,14,7,7,,,2,0,Extreme (psychological),None,,Mimic (target loved one — Acting 18) / Detect Emotion (calibrates mimicry in real time) / Cannot cross running water,,No direct attack — draws player to sit with it,None,,,Fright Check -5 on first seeing loved one's face. Trigger: three consecutive Will failures among Last Train passengers. Breaks: another player physical contact + name (Will +2) / player states 'you are not [name]' with conviction (creature Will -2 or retreats).,Direct acknowledgment of true nature / Running water / Another player's physical intervention,"Assembles appearance from player's emotional residue during train ride. After-effect: see loved one's face in crowds occasionally for rest of campaign — not the creature, just homesickness.",
The Administrative Appetite,Systemic,Exclusive,Canberra — the system itself,,,,,,,,,,,,,,None,Campaign-ending,,Cannot be stat-blocked. Operates through credentials and processes. Attacks: Level 1 (employer contacts 1d days) / Level 2 (professional body complaints 2d weeks) / Level 3 (financial flags 48hr) / Level 4 (administrative death certificates — 48hr window before permanent erasure).,Death certificates / FOI reference numbers / Senate committee hearing dates,,,,,,Counters: L1 Diplomacy (affected parties) / L2 Law skill or solicitor / L3 cash economy + Information Commissioner (30 days) / L4 matching credential level counter-file.,Naming it publicly (publication + Senate testimony) / Custodial testimony pathway,Not evil. Not conscious. A system with a century of practice. The most dangerous thing in the campaign.,
The Last Train Passengers,Supernatural,Rare,Melbourne — City Loop / Last Train,,,,,,,,,,,,,None,Psychological,,Will rolls per 10 minutes: 1st (no penalty) / 2nd (-1) / 3rd (-2) / 4th+ (-3). Failure table: 1-2 (-1 IQ 10min) / 3-4 (-2 Per rest of journey) / 5 (Will -3 to stand) / 6 (Fright Check -2). Per -2 for direct gaze 5+ seconds.,,,,,,,Physical contact from another player / Naming Constance's patient / Reaching Birrarung station,Not individuals — accumulated residue of hundreds of millions of journeys. Cannot be removed from train while moving. Constance can be moved. Passengers cannot.,,,
Constance Okafor (Passenger State),Human NPC,Special,Melbourne — City Loop / Last Train,9,10,12,11,9,14,12,9,5.25,1 (while aboard),,,,,None,None,Psychology-13 / First Aid-11,,,None — she is a person in distress,,,Move is 1: not motivated to move. Marcus (son's name) = key — resets Will to full immediately and she becomes fully present. Psychology roll stabilises her (+2 Will for journey). Name of her patient (Helen) = resolution trigger.,Physical touch + name of loved one / Hearing son's name,Not a threat. Not an enemy. A person who boarded looking for someone dead and stayed because time became confused. Must be recovered — her son is seven.,,
Curious Local,Human NPC,Tier One,All scenarios — small towns / roadhouses,10,10,10,11,10,10,12,11,5.25,5,,,,,None,Low,Current Affairs (local)-15 / Gossip-12 / Carousing-13 / Detect Lies-10 / Streetwise (local)-13,Contact Group (entire community skill 12 15+) / Claim to Hospitality,Curious / Overconfidence / Nosy,Gossip (social),None,,,Whatever players tell them is known to entire town within 24 hours. Roll 1d for what they know (1-2 nothing / 3 recent strangers / 4 name needed / 5 accurate legend / 6 witnessed unexplained event).,Diplomacy or Fast-Talk to redirect,Not malicious. Just interested. The gossip consequence is more dangerous than the person.,
Volunteer Searcher,Human NPC,Tier One,Rural / remote — missing person contexts,11,11,10,12,11,11,12,12,5.75,5,,,,,None,Low (witness complications),Navigation (Land)-13 / Survival-12 / First Aid-11 / Driving (4WD)-13 / Search-12,Contact (local emergency services 9+) / Fit / Claim to Hospitality,Sense of Duty (missing persons) / Stubbornness,Creates witness record,None,,,Grid maps show exactly where searchers have been — gaps show where players need to go. Searcher testimony available to investigators.,Stealth vs their search pattern / Diplomacy +1 (cooperative),Well-intentioned. In the way. Will report unusual activity to SES coordinator. Everything goes in their notes.,
Drunk at the Pub,Human NPC,Tier One,All pub and roadhouse encounters,12,7 (currently),9 (currently),13,12,6 (currently),7 (currently),5 (currently),,,,,,None,None,Brawling-12 (currently 10) / Carousing-14 / Current Affairs (local legends)-13 / Intimidation-10,,Alcoholism / Bully / Overconfidence / Stubbornness,Punch (if provoked),1d crush,,,Information filter: Detect Lies or Psychology -2 to distinguish signal from noise. Roll 1d: 3 (name needed) / 4 (local name for entity) / 5 (location needed) / 6 (event in no record anywhere).,Intimidation vs Will — backs down on success / Buy him a drink +2 to Reaction,Contradicting him = Reaction -2. Dismissing him = confrontation. Half embellishment half accurate legend.,,
Amateur Paranormal Investigator,Human NPC,Tier One,All scenarios — Melbourne / Nullarbor particularly,9,11,12,10,9,9,13,10,5.25,5,,,,,None,Moderate (social media exposure),Research-13 / Electronics Op (AV)-13 / Current Affairs (paranormal)-14 / Fast-Talk-12 / Photography-13,Eidetic Memory (online content) / Contact (paranormal community 12+),Curious / Overconfidence / Recklessness / Sense of Duty (audience),Camera (records everything),None,,,Fright Check -1 when witnessing event. On success: uploads extraordinary footage immediately. On failure: runs — still uploads from car. Three million views in 48 hours.,Fast-Talk or Diplomacy to remove footage / Theft to take device,Thoroughly researched the location. Thermal camera detects cold spots and temperature differentials. Share research on Diplomacy +1.,
Journalist's Editor,Human NPC,Tier One,Melbourne / Sydney,9,10,14,10,9,13,14,10,6,5,,,,,None,Moderate (controls publication),Writing-15 / Law (Media/Defamation)-14 / Administration-14 / Research-14 / Diplomacy-15 / Fast-Talk-13 / Psychology-13,Contact Group (media industry skill 14 12+) / Legal Enforcement Powers (editorial),Sense of Duty (publication) / Caution / Stubbornness,Editorial delay,None,,,Publication requires: 2 independent sources per claim (Research roll) + documentary evidence + right of reply sent + legal review complete (1d days). Each legal threat from department: +1d days delay.,Provide additional documentation (each piece -1 day delay),Not the enemy. The system through which the story exists. Legal department threats are standard procedure.,
Craig Holt,Human Antagonist,Tier Two,Kimberley / Melbourne (legal) / Canberra,10,10,12,11,10,8 (near gorge at night),10,11,5.25,5,8,8,,,Low (direct),High (systemic),Administration-14 / Law (Corporate/Resources)-13 / Fast-Talk-13 / Intimidation-11 / Guns (Pistol)-11,Legal Enforcement Powers (corporate) / Wealth (Comfortable) / Contact Group (resources industry skill 13 9+),Greed / Cowardice (Will -2 when threatened) / Duty (company 15+) / Secret (no full heritage clearance) / Nightmares,Pistol (licensed),2d+2 pi,,,Confrontation sequence: 1 verbal warning / 2 physical restraint / 3 call backup (20-40min response) / 4 weapon drawn (if player draws first) / 5 lethal force (only if fired upon — aims for legs). Will accepts escape deal if credibly offered immunity.,Immunity offer for cooperation / Confrontation at night near gorge (Will 8),Has deleted photographs from satellite communicator — recoverable on Electronics Op (Communications)-11. Does not know what is in the drill core. Afraid of it.,
Irene (Roadhouse Operator),Human NPC,Tier Two,Nullarbor,8,10,13,11,8,15,14,11,6,5,,,,,None,None,Psychology-14 / First Aid-13 / Research-12 / Detect Lies-15 / Current Affairs (Nullarbor)-16,Empathy / Common Sense / Contact (emergency services skill 13 12+) / Eidetic Memory (roadhouse),Sense of Duty (travellers) / Nightmares / Stubborn,Warning (social),None,,,Reaction +1 base / +2 if in genuine distress / -1 if dismissive of warning / -3 if ignore warning and return worse. Gives names from triple-zero calls freely. Corkboard requires trust.,Respect the warning then ask about it,Knows one of the returning three personally — will acknowledge if pressed gently but not name them. Not a mystery — a private grief she is entitled to keep.,
Sandra Walgett,Human NPC,Tier Two,Canberra / Darwin (initially),9,11,14,11,9,14,13,11,6.25,5,,,,,None,None,Anthropology-15 / Archaeology-14 / Research-16 / Law (Heritage/Indigenous)-14 / Diplomacy-14 / Detect Lies-14,Cultural Familiarity / Contact (Walgalu community skill 14 9+) / Legal Enforcement Powers (heritage assessor — suspended) / Intuition,Sense of Duty (great-grandfather's legacy) / Stubbornness / Enemy (Office of Strategic Coordination 9+) / Wealth (Struggling),Information,None,,,Has memorised full content of 1923 survey including Thomas Walgett's marginal note verbatim. Verification question: 'What did the ochre smell like?' (iron and something sweet). On correct answer: Reaction +4.,Tommy Barunga facilitation (Diplomacy +2) / David Carrick contact / Physical visit to Darwin,Thomas Walgett's great-granddaughter. Went into public service specifically to recover the survey. Cannot be reached by any system-mediated communication.,
Private Security Contractor,Human Antagonist,Tier Two,Kimberley / Pilbara mining sites / Canberra,12,12,10,12,12,11,12,12,6,6,9,9,,,Moderate,Low,Guns (Pistol)-14 / Guns (Rifle)-13 / Brawling-13 / First Aid-12 / Driving (4WD)-13 / Intimidation-13 / Law (Trespass/Security)-11 / Observation-13 / Tactics-11,Combat Reflexes / Fit / Legal Enforcement Powers (trespass/detention),Duty (company 12+) / Code of Honour (no lethal force first) / Greed (negotiable),Pistol (licensed),2d+2 pi,,,Deployed in pairs / 6-hour rotating shifts / 2km perimeter / 20-40min backup response. Sequence: verbal / restraint / call backup / draw weapon / lethal force (only if fired upon). Lethal force paperwork is catastrophic — they avoid it.,Diplomatic cover story (Diplomacy 0) / Knowledge of site significance (causes hesitation — Will roll or steps aside),Greed modifier: +2 to negotiations if player offers financial incentive. Code of Honour: will not falsify reports or exceed authority.,
Detective (Investigating Players),Human Antagonist,Tier Two,All scenarios — when players become visible,11,12,13,12,11,13,14,12,6.25,6,9,9,,,Moderate,High,Criminology-15 / Detect Lies-15 / Interrogation-14 / Law (Criminal)-14 / Guns (Pistol)-13 / Brawling-12 / Research-14 / Observation-15 / Psychology-13,Legal Enforcement Powers / Intuition / Contact Group (police skill 13 12+) / Unfazeable,Sense of Duty (the law) / Code of Honour (police) / Stubborn,Arrest (conditional),,Interview (formal),,Detect Lies-15 vs player Fast-Talk or Acting in all encounters. Research roll per day of investigation + Criminology to synthesise pattern. Will not arrest without grounds but notes all inconsistencies and returns.,Physical evidence of supernatural that defies framework / Offering them the framework as ally,Turning point: player who provides undeniable evidence creates choice — file anomaly or acknowledge insufficient framework. Framework-abandoning detective = extremely powerful ally. One of the most dangerous conventional threats.,
Mining Site Foreman,Human NPC,Tier Two,Kimberley — survey site,13,12,11,13,13,11,12,13,6.25,6,,,,,Low,Moderate,Geology-13 / Mechanic (Mining Equipment)-15 / Driving (4WD)-14 / Guns (Rifle)-13 / Survival (Desert)-14 / Leadership-13 / Intimidation-12,Fit / Hard to Kill +2 / Danger Sense,Stubbornness / Duty (company 12+) / Sense of Duty (team) / Superstition (latent),Rifle (if directly threatened),Various,,,Has full equipment logs showing every malfunction/impossible magnetometry reading near gorge. Gives logs on: Diplomacy -1 success OR player demonstrates knowledge of ochre gorge significance (no roll needed). Psychology/Detect Lies to spot performed certainty.,Knowledge of gorge contents / Demonstrating respect for the situation,Not the enemy. Has been waiting for someone to acknowledge what is happening. Checks over shoulder near drill site — habit developed last 6 weeks.,
Stockman with a History,Human NPC,Tier Two,Kimberley stations,14,13,11,14,14,13,14,14,6.75,6,10,10,,,Moderate,Low,Animal Handling-16 / Guns (Rifle)-15 / Brawling-14 / Survival (Desert)-16 / Tracking-15 / Intimidation-14 / Navigation (Land)-15 / Hidden Lore (Dreaming)-12,Danger Sense / Combat Reflexes / Fit / Hard to Kill +2,Stubbornness / Intolerance (country disrespect) / Sense of Duty (country/custodians) / Distrust (strangers initially),Rifle (.308 bolt-action),Various,,,Reaction starts at -3. Trust building: acknowledge country significance +1 / mention Dora Mamid respectfully +2 / ask permission before entering significant areas +2 / correctly identify Marloo +3. Trust destroyers: company mention positively -2 / bribery attempt -3 (asked to leave).,Respect-building sequence (see trust mechanic),At Reaction +1 or better: most valuable Kimberley ally. Knows every track/water source/Marloo sighting last 6 months. Knows the resolution. Has been waiting for the right people.,
Conspiracy Theorist (Real Information),Human NPC,Tier Two,All scenarios — internet / occasional physical,8,10,15,9,8,12,14,9,6,5,,,,,None,Moderate (through exposure),Research-17 / Computer Operation-15 / Electronics Op (Communications)-13 / Current Affairs (government/heritage)-15 / Writing-14 / Detect Lies-13,Eidetic Memory / Intuition (bureaucratic irregularity),Paranoia (mild / with reason) / Curious / Reclusive / Obsession (pattern)[-10],Information exposure,None,,,Reaches them through: encrypted messaging (3 contact attempts before response) / VPN required / in person only after 5 matching pieces of evidence. Trust: each evidence piece matching their database +1 trust level. 3 pieces = share database. 5 pieces = in-person meeting.,Matching evidence pieces from non-public sources,Has 3-year database of public record evidence for the pattern. Corroborates Margaret's files and adds 3 unknown cases. Personal reason for obsession — family member is one of the unreachable.,
Office of Strategic Coordination Field Officer,Human Antagonist,Tier Three,All scenarios — when players are priority,10,11,15,11,10,15,15,11,6.5,5,8,,,,None,Very High,Administration-18 / Law (all areas)-16 / Psychology-16 / Detect Lies-17 / Diplomacy-16 / Fast-Talk-15 / Intimidation-15 / Research-17 / Computer Operation-16 / Observation-16 / Stealth-13 / Acting-15,Legal Enforcement Powers (extensive) / Contact Group (Commonwealth skill 16 15+) / Intuition / Unfazeable / Empathy (as tool),Duty (Office 15+) / Secret (Office existence) / Callousness,Administrative tools (4 escalating levels),None,,,Assessment phase: 1d days passive observation in cover role (Acting-15). Cover blown: Per -3 to notice / critical success identifies specific surveillance. Escalation: L1 employer contacts / L2 professional body complaints / L3 financial flags / L4 death certificates.,Physical confrontation (they comply completely and call superior within 1 hour — accelerates response),Never engage physically. Each instance of physical intimidation adds one escalation level. Most systemically dangerous conventional human in campaign.,
Compromised Senior Police Officer,Human Antagonist,Tier Three,All scenarios — operates through authority,11,11,13,11,11,9 (when exposed),13,11,6,5,,,,,High (through others),Very High,Administration-15 / Law (Criminal)-15 / Intimidation-14 / Leadership-14 / Tactics-13 / Guns (Pistol)-13 / Detect Lies-14 / Politics-13,Legal Enforcement Powers (senior police) / Contact Group (police skill 14 15+) / Rank / Claim to Hospitality,Secret (original favour) [-20] / Duty (police 15+) / Cowardice (re: exposure)[-10] / Stubbornness,Institutional redirection,None,,,Can: redirect investigations / reassign detective / access warrant databases / flag vehicles / brief department contacts with player locations. Leverage mechanic: if players find original favour (Research -3 or through Sandra Walgett docs): Intimidation/Diplomacy +3 — will not actively help but stops hindering.,Original favour evidence / Immunity negotiation pathway (Will -2 to accept / retryable once per session),Redemption option: offer exposure on own terms = Will -2 roll. On success: testimony to Senate inquiry. Not irredeemably corrupt — simply protecting one wrong decision with subsequent wrong decisions.,
Federal Court Judge (Unnamed),Human Antagonist,Tier Three,Canberra (never directly encountered),,,,,,16,,,,,15,,,None,Extreme (background),Law (all areas)-18 / Administration-17 / Politics-15 / Fast-Talk-15,,,Legal pressure (never direct),,,,,Can: issue injunctions / recuse from related cases (correct but causes months delay) / deny Carrick's characterisation of 1997 meeting professionally and plausibly.,Name in Carrick's statement is permanent public record — sufficient,"Never met directly. Evidence of system's depth. Present in compendium to establish: when legal channels are attempted, this is the quality of opposition in those channels.",
Helen Birch,Human Antagonist,Tier Four,Canberra — Office of Strategic Coordination,9,10,16,10,9,16,16,10,6.5,5,,,,,None,Campaign-Ending,Administration-19 / Law (all government areas)-17 / Psychology-17 / Detect Lies-18 / Diplomacy-17 / Research-18 / Politics-16 / Acting-15 / Computer Operation-17 / Fast-Talk-16 / Occultism-12,Legal Enforcement Powers (maximum Commonwealth level) / Contact Group (entire Commonwealth bureaucracy skill 17 15+) / Intuition / Empathy (genuine) / Eidetic Memory / Rank (departmental secretary equivalent),Duty (Office 15+) / Callousness (functional) / Secret (Office existence) / Nightmares (NT spring 2004 / every night 20 years) / Guilt (suppressed — 20pt equivalent),Maximum administrative arsenal,None,,,Will roll to act against Office: base 16. Modifiers: -1 per scenario visited / -2 for 1923 survey / -3 for Petra Scholl (breaks composure before roll). On failure: unclassifies document / signs Carrick statement / writes own statement. On success: another approach needed.,Players being the people who went to the sites and came back / Complete evidence assembly / Petra Scholl's presence,Not defeated — she decides. The players cannot force it. She was always going to do this eventually. They got there first. She has been to a site (NT spring 2004) and suppressed her own 38-page assessment of it.,
Petra Scholl,Human NPC,Tier Three,Canberra (Yarralumla) / Pilbara (end of campaign),9,10,13,10,9,13,13,10,5.75,5,,,,,None,None,Geology-14 / Heritage Assessment-16 / Research-15 / Law (Heritage)-13 / Observation-14,Hidden Lore (Dreaming)-13 / Intuition,Enemy (Office of Strategic Coordination 9+) / Wealth (Poor) / Administratively Dead (21 years),Administrative testimony / Living evidence,None,,,Has been dead officially for 21 years. Verification for players: hidden documents on Margaret's USB drive (folder OLD-DELETE) with handwritten note 'If you're reading this I was wrong about Darwin.' Handwriting matches 2001 assessment signature.,David Carrick's protection / Hidden on USB drive,The campaign's most important witness. 21 years. Very tired. Wants to be alive again officially and go back to the Pilbara to see if the site still remembers her.,
Margaret Osei,Human NPC,Tier Two,Canberra — Department of PM&C (briefly) / Home,9,10,14,10,9,15,14,10,6,5,,,,,None,Moderate (while still credentialled),Administration-17 / Law (Government/FOI)-15 / Research-16 / Psychology-14 / Detect Lies-15 / Diplomacy-14 / Writing-14,Contact Group (Commonwealth bureaucracy 30 years skill 14 15+) / Legal Enforcement Powers (briefly),Sense of Duty (truth) / Nightmares / Stubborn,Information + USB drive,None,,,Reaction +2 if approached correctly. Reaction -2 if players are transactional rather than genuine. Gives USB drive in public coffee shop. Knows about David Carrick. Knows about the field officer watching her.,Trust built through respectful approach / Public location meeting (protection via witnesses),32 years of notes on the USB drive. Hidden folder contains Petra Scholl's documents. Retirement accelerated — credentials revoked by Monday after players visit. Her fear is real and should be played as real.,
David Carrick,Human NPC,Tier Three,Canberra — Yarralumla,9,10,14,10,9,14,14,10,6,5,,,,,None,None,Administration-17 / Law (Government)-15 / Research-16 / Psychology-14 / Computer Operation-15,Contact Group (former Commonwealth contacts) / Eidetic Memory (the 47 cases),Secret (Office involvement 20 years) / Guilt (functional — driving current choice) / Nightmares,Signed 73-page document / Counter-filing death certificates,None,,,Filed players' death certificates first (before Office could) — creates database conflict buying 48-hour window. Has Petra Scholl in his back room. Was at 1997 meeting where Office's purpose was stated. Will sign document and add his own statement if players have been to the sites.,Threat of exposure accelerates cooperation / Petra Scholl's presence reveals full picture,Not redeemed — making a different choice. Was at the 1997 meeting. Signed off on Petra Scholl's administrative death. Is sorry. That does not make it sufficient. He knows this.,
Billy Hanrahan,Human NPC,Tier One,Snowy Mountains — high country,9 (age),10,12,10,9,16,14,10,5,5,,,,,None,None,Animal Handling (Horses)-16 / Survival (Mountain)-17 / Navigation (Land)-15 / Naturalist-15 / Riding (Horse)-16 / Farming-14,Danger Sense / Unfazeable / Fit (residual),Age (-3 ST/HT already applied) / Loner / Sense of Duty (the mountain),None,None,,,Reaction: +2 if approached with respect for his knowledge / -3 if approached with urgency that doesn't acknowledge him first. Intimidation attempts: automatically fail. He is 80. He has been on this mountain 60 years. He is not frightened of people who arrived two days ago.,Respectful approach — he will wait as long as needed,Knows where the platform is. Knows about the trade. Knows the old story before Paterson's poem. Comes and goes without transitional states — on the rock / not on the rock. This is correct.,
Drysdale Station Caretaker,Human NPC,Tier One,Kimberley — Drysdale River Station,10,11,11,12,10,6 (currently),12,10,5.75,5,,,,,None,None,Animal Handling-13 / Mechanic (Station Equipment)-12 / Survival (Desert)-14 / Guns (Rifle)-13 / First Aid-11,,,None — he is not a threat,None,,,Current condition: Will 9→6 (3 Fright Check failures) / Nightmares / Paranoia (checks mirrors 3x before bed) / Dehydration (-1 HT). Stabilising: Psychology or First Aid -1. Critical success reveals: 'It's not coming for me — it's coming for the drill core in the Aldercroft ute.',Psychology or First Aid to stabilise / Physical needs (food and water),Will not leave the homestead. The homestead is survivable. The outside is not. This calculation is not negotiable. Work within it.,
